<configuration>
  <property name="LOG_PATH" value="${LOG_PATH:-build/logs}"/>
  <property name="LOG_FILE" value="${LOG_FILE:-${LOG_PATH}/app.log}"/>

  <appender name="CONSOLE" class="ch.qos.logback.core.ConsoleAppender">
    <encoder>
      <pattern>%d{yyyy-MM-dd HH:mm:ss.SSS} %-5level [%thread] %logger - %msg%n</pattern>
      <charset>UTF-8</charset>
    </encoder>
  </appender>

  <appender name="FILE" class="ch.qos.logback.core.rolling.RollingFileAppender">
    <file>${LOG_FILE}</file>
    <rollingPolicy class="ch.qos.logback.core.rolling.TimeBasedRollingPolicy">
      <fileNamePattern>${LOG_PATH}/app.%d{yyyy-MM-dd}.log</fileNamePattern>
      <maxHistory>14</maxHistory>
    </rollingPolicy>
    <encoder>
      <pattern>%d{yyyy-MM-dd HH:mm:ss.SSS} %-5level [%thread] %logger - %msg%n</pattern>
      <charset>UTF-8</charset>
    </encoder>
  </appender>

  <root level="INFO">
    <appender-ref ref="CONSOLE"/>
    <appender-ref ref="FILE"/>
  </root>
</configuration>
