<?xml version="1.0" encoding="UTF-8"?>
<configuration scan="true">
  <property name="CONSOLE_LOG_PATTERN"
            value="%d{yyyy-MM-dd HH:mm:ss.SSS} %-5level [%thread] %logger{36} - %msg%n"/>

  <appender name="STDOUT" class="ch.qos.logback.core.ConsoleAppender">
    <encoder>
      <pattern>${CONSOLE_LOG_PATTERN}</pattern>
      <charset>UTF-8</charset>
    </encoder>
  </appender>

  <logger name="org.springframework" level="INFO"/>
  <logger name="com.hamas.reviewtrust" level="DEBUG"/>

  <root level="INFO">
    <appender-ref ref="STDOUT"/>
  </root>
</configuration>